1000723321.jpg,1
1013678821.jpg,3
10169000.jpg,1
1017827385.jpg,4
1020636424.jpg,3
1020936674.jpg,1
1024367055.jpg,2
1025060651.jpg,3
1025466430.jpg,2
1028041356.jpg,3
1030448520.jpg,1
1032629824.jpg,1
1033962303.jpg,4
1034286210.jpg,3
1034577161.jpg,3
1035014017.jpg,4
1039176615.jpg,4
1040699059.jpg,1
1041922165.jpg,2
1044971650.jpg,3
1046703257.jpg,4
1047210476.jpg,3
1047272845.jpg,4
1047550741.jpg,3
1048581072.jpg,2
1050847556.jpg,4
1051688339.jpg,0
1052881053.jpg,3
1053331543.jpg,3
1054935979.jpg,1
105741284.jpg,4
1059334615.jpg,3
1059412486.jpg,2
1065833532.jpg,4
1067618974.jpg,3
1067694987.jpg,4
1069921431.jpg,3
1070151605.jpg,3
1070206679.jpg,3
1071700805.jpg,3
107179104.jpg,3
1075008294.jpg,3
1077138637.jpg,3
1077786495.jpg,2
107801790.jpg,4
10780620.jpg,3
1078590865.jpg,0
1079107547.jpg,3
1079793899.jpg,1
1080407872.jpg,0
1081937072.jpg,4
1082098147.jpg,4
1083681960.jpg,2
1084229234.jpg,4
1085950509.jpg,0
1086080704.jpg,3
1088343861.jpg,3
109060770.jpg,2
1092232758.jpg,4
1092289858.jpg,2
1098184586.jpg,4
1098903353.jpg,3
1099668939.jpg,2
1100677588.jpg,4
1101952886.jpg,0
1102114596.jpg,2
1103742559.jpg,1
1105163779.jpg,3
11054682.jpg,3
1105694504.jpg,1
1109535439.jpg,3
1111352870.jpg,3
1112568678.jpg,3
1113946759.jpg,2
1117006363.jpg,3
1118164655.jpg,4
1119593200.jpg,4
1120538910.jpg,3
1121169601.jpg,3
1122970967.jpg,4
1124166287.jpg,3
1126417568.jpg,1
1126766682.jpg,3
112690000.jpg,2
1126995294.jpg,3
1127286868.jpg,0
1127352598.jpg,3
1129343531.jpg,3
1134422280.jpg,0
1135510790.jpg,1
1137739472.jpg,2
1138006821.jpg,3
1138036719.jpg,2
1139406590.jpg,3
1139742461.jpg,3
1140116873.jpg,2
1145076372.jpg,3
1146674028.jpg,3
1148629594.jpg,4
1148829591.jpg,0
1149243998.jpg,0
1150608601.jpg,3
1154146320.jpg,3
1154259077.jpg,2
11553250.jpg,3
1156776649.jpg,1
1157456834.jpg,3
1160762545.jpg,3
1161282261.jpg,2
1161718761.jpg,4
1162152381.jpg,2
1165672630.jpg,4
1165857265.jpg,1
1170312176.jpg,3
1170720367.jpg,4
1171302232.jpg,3
117226420.jpg,3
1173040000.jpg,2
1175791525.jpg,2
1176300111.jpg,3
1176362801.jpg,3
1176574092.jpg,3
1178309265.jpg,3
1179062519.jpg,4
1179634197.jpg,3
117969308.jpg,2
1180011069.jpg,3
1181678723.jpg,0
1181734172.jpg,2
1184927419.jpg,3
1185924788.jpg,1
1186910590.jpg,4
1186992492.jpg,1
1187393265.jpg,3
1188133265.jpg,2
1195706216.jpg,4
1202852313.jpg,3
1202909561.jpg,3
1207142999.jpg,0
1207510885.jpg,2
1213348737.jpg,2
1215348044.jpg,3
1216982810.jpg,4
1218523717.jpg,1
1222123820.jpg,3
1226229633.jpg,2
1227531167.jpg,4
1230166376.jpg,3
1230922273.jpg,4
1230974910.jpg,3
1231695981.jpg,4
1233926167.jpg,3
123464878.jpg,3
1235188286.jpg,2
1238212963.jpg,1
1238616975.jpg,1
1242176689.jpg,3
1242261081.jpg,1
1242632379.jpg,4
1244824731.jpg,1
1250175842.jpg,3
1250343314.jpg,3
1250364598.jpg,2
1250532785.jpg,4
1252142336.jpg,4
1257722336.jpg,4
1258508279.jpg,3
1260599331.jpg,2
1264210768.jpg,3
1266982278.jpg,3
1267263772.jpg,2
1267456239.jpg,4
127157286.jpg,2
1272204314.jpg,3
127464350.jpg,0
1275608644.jpg,2
1277920745.jpg,3
1277936443.jpg,3
1279878525.jpg,1
1285606604.jpg,3
1285837923.jpg,3
128596928.jpg,3
1287334854.jpg,0
1288115291.jpg,4
1288893945.jpg,2
1289985467.jpg,1
1291552662.jpg,3
1293096589.jpg,2
1293629264.jpg,4
1296498545.jpg,3
1297941011.jpg,3
1298289380.jpg,3
1298749911.jpg,3
1299050149.jpg,4
1299200628.jpg,0
1300977508.jpg,4
1301600127.jpg,3
1302300755.jpg,2
1302324142.jpg,3
1302565676.jpg,4
1304829719.jpg,3
1305042137.jpg,3
1306087922.jpg,2
1306743221.jpg,1
1308234304.jpg,4
1311435294.jpg,3
1312658140.jpg,4
1313438955.jpg,3
1313782039.jpg,3
1314349691.jpg,3
1314553833.jpg,3
1315703561.jpg,1
1315872826.jpg,0
1320985412.jpg,3
1321561951.jpg,4
1327003472.jpg,3
1331365734.jpg,3
1332476551.jpg,1
1332894133.jpg,1
1333185003.jpg,1
1333580402.jpg,0
133431114.jpg,4
1335049078.jpg,2
1336103427.jpg,3
1336391690.jpg,3
1338228532.jpg,3
1339614738.jpg,2
1342351547.jpg,4
1344397550.jpg,4
1348606741.jpg,1
135094227.jpg,2
1351337979.jpg,3
1351460531.jpg,2
135225385.jpg,3
1352447679.jpg,3
1352603733.jpg,3
135270912.jpg,4
1354408202.jpg,3
1358224095.jpg,3
1359197741.jpg,3
1364063429.jpg,4
1364435251.jpg,4
1366570105.jpg,3
1369203337.jpg,4
137038681.jpg,3
1370558109.jpg,3
1376119492.jpg,3
1377187378.jpg,2
1377199562.jpg,3
1377320047.jpg,3
1377755607.jpg,2
137826863.jpg,3
1378967272.jpg,2
137921395.jpg,3
1381222280.jpg,3
1381453836.jpg,1
1381919423.jpg,2
1381973639.jpg,4
1383656888.jpg,3
1386339986.jpg,3
1389754395.jpg,4
1391377544.jpg,0
1393253028.jpg,3
139397294.jpg,3
1395194202.jpg,3
1397140267.jpg,3
1397439068.jpg,1
1399640317.jpg,3
1402706671.jpg,1
1403068754.jpg,0
1403274115.jpg,1
140350208.jpg,2
140439386.jpg,1
1404738929.jpg,3
1407062920.jpg,1
1410898675.jpg,0
1412788738.jpg,0
1412967165.jpg,3
1414812251.jpg,3
1421508049.jpg,3
1422459648.jpg,2
1422694007.jpg,3
1423993986.jpg,3
1424785333.jpg,3
1426455408.jpg,2
1427289885.jpg,1
1428921734.jpg,2
1430189615.jpg,2
1432403578.jpg,2
1433061380.jpg,2
1435171668.jpg,3
1438039429.jpg,4
1438664994.jpg,2
1442451975.jpg,3
1443356256.jpg,2
144495276.jpg,3
1445721278.jpg,1
1447330096.jpg,2
144778428.jpg,4
1447962374.jpg,1
144873912.jpg,3
1456881000.jpg,2
1456912050.jpg,3
1459148536.jpg,3
1459667255.jpg,3
1460020462.jpg,1
1461151155.jpg,3
1462318476.jpg,0
1462497786.jpg,3
1463695600.jpg,3
1465359996.jpg,3
1468715314.jpg,0
1469568121.jpg,3
1469995634.jpg,1
1471261830.jpg,3
1473359901.jpg,4
1476011675.jpg,3
1478675911.jpg,4
1479257856.jpg,4
1480435060.jpg,2
1483424894.jpg,3
1483743890.jpg,3
1483767138.jpg,4
1484273604.jpg,3
1485335587.jpg,3
1485689723.jpg,3
148723715.jpg,1
148976696.jpg,3
149054231.jpg,3
1491311312.jpg,3
1492566436.jpg,3
1495336038.jpg,1
1497437475.jpg,2
1498477767.jpg,0
1498800523.jpg,2
1499115422.jpg,3
1501891629.jpg,3
1503342057.jpg,2
1509149905.jpg,4
1510478103.jpg,4
1512330258.jpg,3
1517270084.jpg,3
1517540243.jpg,3
1518295866.jpg,4
1518316480.jpg,2
15196864.jpg,3
1520150172.jpg,3
1520672258.jpg,4
1521518831.jpg,3
1524470833.jpg,4
1527502181.jpg,3
1530992994.jpg,3
1531006450.jpg,3
153193578.jpg,3
1532615848.jpg,4
1533978148.jpg,4
1535887769.jpg,3
1536243516.jpg,3
1536703688.jpg,2
1537830611.jpg,3
1539873023.jpg,1
1543608329.jpg,4
1543816901.jpg,3
1545947455.jpg,4
154748556.jpg,3
1555288170.jpg,3
1556792485.jpg,3
1559321663.jpg,2
1560460552.jpg,2
1561961236.jpg,2
1562573948.jpg,4
1563449605.jpg,3
1563794954.jpg,0
1564066459.jpg,1
1570036364.jpg,4
1571842886.jpg,3
1575013487.jpg,3
1575866220.jpg,0
1576152560.jpg,3
157946979.jpg,2
1580276283.jpg,2
1580326648.jpg,4
1580921361.jpg,2
1580945297.jpg,2
1584105518.jpg,4
1585833498.jpg,3
1586262485.jpg,4
1586567598.jpg,2
1587173996.jpg,4
1587572009.jpg,3
1588714954.jpg,3
1589109993.jpg,1
1589421421.jpg,1
1590215798.jpg,3
1594306558.jpg,3
1595096662.jpg,4
1595866872.jpg,1
1595991978.jpg,3
1597577379.jpg,4
1610520050.jpg,1
1612059624.jpg,2
1612177465.jpg,2
1613469030.jpg,3
161407663.jpg,2
1616161207.jpg,3
1617179127.jpg,3
1619728520.jpg,2
1621074094.jpg,3
1622141266.jpg,2
1622560138.jpg,2
1623025307.jpg,3
1624580117.jpg,3
1625461178.jpg,2
1628755791.jpg,4
1629563382.jpg,2
1629904926.jpg,3
1632258226.jpg,3
1634585420.jpg,2
163705693.jpg,2
1637819435.jpg,4
1640474743.jpg,3
16415174.jpg,2
1644070487.jpg,3
164643516.jpg,2
1648964823.jpg,3
1649961148.jpg,4
165028458.jpg,1
1650313956.jpg,3
1653382438.jpg,2
1654448920.jpg,3
1655898941.jpg,2
1657389394.jpg,3
166688569.jpg,3
1668873896.jpg,4
1670109351.jpg,4
167313296.jpg,0
1679233615.jpg,3
1680665967.jpg,1
1684430173.jpg,1
1686186154.jpg,3
1686888779.jpg,3
1688478980.jpg,3
1688485614.jpg,4
1688759248.jpg,3
1689595763.jpg,3
1691850232.jpg,4
1695184578.jpg,4
1695533012.jpg,3
1699723867.jpg,3
1700900480.jpg,3
1706377266.jpg,1
1706671174.jpg,1
1712961040.jpg,2
1714696851.jpg,1
1716624232.jpg,3
1720006806.jpg,3
1720773250.jpg,2
1722184743.jpg,3
1725598881.jpg,0
1725925773.jpg,3
1726536780.jpg,1
1729891245.jpg,4
1731777849.jpg,3
1733650338.jpg,3
1734625164.jpg,4
1738379259.jpg,4
173970359.jpg,3
1739769852.jpg,4
1741967088.jpg,1
1744132907.jpg,2
1745213235.jpg,2
1745296302.jpg,3
1745816126.jpg,4
1748314267.jpg,2
1749530371.jpg,2
175320441.jpg,3
1753499945.jpg,2
1757605463.jpg,4
1758913732.jpg,3
1759042176.jpg,2
1760489108.jpg,3
1766436653.jpg,4
1769025995.jpg,4
1769605391.jpg,3
1772264324.jpg,2
1774341872.jpg,4
1775343418.jpg,1
1775350103.jpg,0
1775680225.jpg,3
1775966274.jpg,2
1776880375.jpg,3
1778344931.jpg,2
1782504875.jpg,3
1783273641.jpg,1
1783641862.jpg,1
1783731086.jpg,3
1785840439.jpg,1
1785877990.jpg,3
1787456859.jpg,3
1788201755.jpg,4
1789470358.jpg,1
1789486602.jpg,1
1792425947.jpg,2
1794147963.jpg,1
1794793176.jpg,3
179556493.jpg,2
1796222011.jpg,3
1800156844.jpg,3
1800771351.jpg,3
1802706381.jpg,3
1807193398.jpg,3
1808491145.jpg,2
1808650874.jpg,2
1813551465.jpg,3
1814144394.jpg,1
1815643293.jpg,4
1816076936.jpg,0
1816728195.jpg,3
1817388646.jpg,3
181939754.jpg,3
1820146745.jpg,4
1820335596.jpg,4
1821756534.jpg,4
1822218545.jpg,3
1823544531.jpg,3
1823796412.jpg,4
1826812654.jpg,2
1829385451.jpg,3
1830778747.jpg,3
1831001186.jpg,3
1831423907.jpg,3
1832863930.jpg,3
1837284696.jpg,4
1837309847.jpg,3
1838219986.jpg,2
1838238336.jpg,3
1840408344.jpg,4
1841093794.jpg,2
1841269407.jpg,0
1847901285.jpg,4
18517305.jpg,3
185236448.jpg,3
1853028167.jpg,4
18547180.jpg,2
1856880108.jpg,3
1858241102.jpg,3
1860121418.jpg,0
1860286879.jpg,3
1861354699.jpg,1
1866368464.jpg,4
1866388418.jpg,3
1866858066.jpg,3
1867212072.jpg,3
1867590389.jpg,2
1869166281.jpg,2
1870345628.jpg,1
1870594416.jpg,2
1870627097.jpg,4
1870791731.jpg,3
187186579.jpg,4
1876905885.jpg,4
1877887938.jpg,2
1878129720.jpg,4
1879613457.jpg,3
1882922468.jpg,3
1883219633.jpg,4
1883239637.jpg,3
1883419936.jpg,4
1884379874.jpg,2
1885063363.jpg,3
1886828385.jpg,4
1889502225.jpg,3
1889617951.jpg,4
1891755915.jpg,4
1891912456.jpg,2
1892715809.jpg,2
1893029476.jpg,2
1894124003.jpg,1
1896975057.jpg,3
1902246685.jpg,2
1902356737.jpg,2
1903950320.jpg,4
1904646699.jpg,3
1905806148.jpg,0
1906106521.jpg,4
1906649077.jpg,4
1906662889.jpg,3
1909170813.jpg,3
190928103.jpg,2
1911975500.jpg,3
1916496572.jpg,3
1916594362.jpg,4
191826367.jpg,3
1918397898.jpg,3
1918860127.jpg,4
192312490.jpg,3
1923659480.jpg,3
1924360069.jpg,0
1924411392.jpg,3
1927089555.jpg,3
1927144610.jpg,4
1928512042.jpg,3
1929539397.jpg,3
193173270.jpg,4
1932176916.jpg,3
1934754539.jpg,2
1937179259.jpg,2
1937240444.jpg,2
1945153538.jpg,4
1946928458.jpg,2
1948688497.jpg,4
1948698978.jpg,3
1951968907.jpg,4
1953482304.jpg,4
1953872321.jpg,1
1955463864.jpg,1
1957687163.jpg,1
1958784721.jpg,3
1961893968.jpg,2
1962633596.jpg,1
1963206223.jpg,4
1964957251.jpg,3
1968909684.jpg,2
1969328625.jpg,3
1971360173.jpg,3
1973726786.jpg,3
197416826.jpg,4
1975167712.jpg,2
1978570472.jpg,3
1980226433.jpg,3
198179397.jpg,1
1982908964.jpg,4
1982984348.jpg,3
198333324.jpg,1
1983581913.jpg,1
1984285050.jpg,2
1986919607.jpg,3
1989303026.jpg,3
1989543996.jpg,2
1990169159.jpg,3
19905959.jpg,3
1993274456.jpg,3
199365289.jpg,2
199380974.jpg,2
1995081893.jpg,3
1995490116.jpg,3
199900096.jpg,3
2000430035.jpg,4
2000481519.jpg,2
2002041834.jpg,3
2003114369.jpg,3
200330382.jpg,3
2003778001.jpg,2
2003860919.jpg,3
2003956257.jpg,3
2008729929.jpg,2
2008790859.jpg,3
2013004933.jpg,3
2014097197.jpg,3
2015623065.jpg,4
2017774096.jpg,2
2018165733.jpg,3
2019165943.jpg,4
2020316651.jpg,1
2023062288.jpg,3
2025758735.jpg,2
2026618644.jpg,1
2027821196.jpg,3
2028087473.jpg,0
2028506424.jpg,4
2029017692.jpg,3
2029193021.jpg,3
2032441634.jpg,3
2034902802.jpg,2
20361463.jpg,1
2038741619.jpg,3
2040710303.jpg,3
2045010474.jpg,3
2045866821.jpg,2
2049551156.jpg,3
2050151194.jpg,4
2050623186.jpg,4
2051495839.jpg,0
2052500079.jpg,3
2053738846.jpg,2
2054130310.jpg,3
2054648855.jpg,3
2056096028.jpg,2
2057007338.jpg,3
2057361034.jpg,1
2058959882.jpg,4
2059527396.jpg,4
2059912139.jpg,3
2060529510.jpg,4
2060856128.jpg,2
2061231487.jpg,2
2061733689.jpg,2
2062853703.jpg,3
2064463834.jpg,4
2065621111.jpg,4
2066344350.jpg,3
2068782839.jpg,4
2069029323.jpg,3
2069068462.jpg,3
2069634652.jpg,4
2073899075.jpg,3
2076036296.jpg,3
2076460439.jpg,3
2076904625.jpg,0
2078503653.jpg,3
2079090639.jpg,4
2082157575.jpg,4
2082707509.jpg,3
2083878392.jpg,4
2084711314.jpg,4
2086436188.jpg,3
2086555883.jpg,3
2091940865.jpg,1
2094288792.jpg,4
2095404633.jpg,1
2096389137.jpg,3
2097728119.jpg,3
2098699727.jpg,3
2099908294.jpg,3
2103476036.jpg,3
2106660107.jpg,3
2107489867.jpg,3
2107635089.jpg,1
2108674538.jpg,3
2109198789.jpg,0
211225277.jpg,1
2112863529.jpg,3
211439133.jpg,2
2115118532.jpg,3
2117358649.jpg,1
2118892329.jpg,4
212262602.jpg,3
2123562479.jpg,3
2123622289.jpg,1
2125592774.jpg,3
2126394627.jpg,3
2128581284.jpg,4
2129187694.jpg,1
2130031461.jpg,4
2133324266.jpg,3
2138380512.jpg,3
2141005261.jpg,3
2141204046.jpg,3
2143941183.jpg,3
2144385069.jpg,1
214640752.jpg,3
2149582263.jpg,3
2150625929.jpg,0
2152051451.jpg,3
2153871702.jpg,3
2154636640.jpg,0
2154826831.jpg,4
2155206287.jpg,3
2155661206.jpg,2
2157011481.jpg,2
215841447.jpg,2
2159146613.jpg,3
216000285.jpg,2
2161004909.jpg,3
2163281574.jpg,2
2163630051.jpg,3
2166796767.jpg,4
2166936841.jpg,3
2169168830.jpg,1
2170455392.jpg,3
2172512538.jpg,4
2172992522.jpg,3
2177600106.jpg,2
2178418518.jpg,3
2178767483.jpg,3
2181450725.jpg,3
2184513662.jpg,2
2185157799.jpg,3
2187520505.jpg,3
2190330048.jpg,3
2190685942.jpg,3
2191259064.jpg,1
2191616657.jpg,4
2192563382.jpg,1
2193438012.jpg,4
2194319348.jpg,4
2194549987.jpg,2
2196148634.jpg,1
2199327268.jpg,4
2202131582.jpg,4
2204436794.jpg,2
2209171783.jpg,1
2209567923.jpg,4
2210767635.jpg,1
221132537.jpg,3
22116035.jpg,2
2214549486.jpg,3
2215613116.jpg,3
2216366508.jpg,4
2216674050.jpg,3
2218891230.jpg,4
2218894352.jpg,3
2221120422.jpg,3
222408445.jpg,1
2225062882.jpg,4
2227639831.jpg,2
2231704125.jpg,2
2232812594.jpg,3
2232929983.jpg,1
2232959596.jpg,3
22341045.jpg,2
2234221282.jpg,2
2236683337.jpg,1
2237969004.jpg,1
2240906425.jpg,3
2241498976.jpg,3
2241778439.jpg,3
224347038.jpg,0
2244163823.jpg,3
2245477659.jpg,3
2247595260.jpg,1
2249361509.jpg,4
2249556134.jpg,2
2250784892.jpg,2
2254620180.jpg,3
2256701699.jpg,1
2259345957.jpg,2
2259802892.jpg,4
2260330058.jpg,3
2260460957.jpg,3
2260651595.jpg,1
2261597836.jpg,2
2261678500.jpg,0
2262665219.jpg,3
2263561616.jpg,2
2263743432.jpg,0
2264163141.jpg,0
2264750048.jpg,4
2266026214.jpg,4
2266850561.jpg,3
2267434559.jpg,0
2270867861.jpg,3
2271308515.jpg,2
2271327090.jpg,3
2271567719.jpg,3
2271678953.jpg,3
2271731125.jpg,3
2275987073.jpg,3
2277025028.jpg,3
2280080909.jpg,2
2281084675.jpg,3
2282336130.jpg,4
2282620125.jpg,3
2283452558.jpg,4
2288946965.jpg,1
2292154193.jpg,0
2293657925.jpg,1
2294532767.jpg,3
2295549996.jpg,4
2302473877.jpg,3
230268028.jpg,1
2307565145.jpg,3
2308142554.jpg,3
230887462.jpg,3
231005253.jpg,4
2312410687.jpg,4
2312856534.jpg,3
2316157970.jpg,3
2316499026.jpg,3
231687413.jpg,2
2320107173.jpg,1
2320471703.jpg,1
2321358067.jpg,0
2322385914.jpg,3
2322601993.jpg,2
2322664603.jpg,3
2324073630.jpg,1
2324206704.jpg,2
232455109.jpg,3
2324786048.jpg,3
2325593378.jpg,0
2325628787.jpg,3
2326585522.jpg,1
2326873533.jpg,4
2327293585.jpg,3
2328599167.jpg,3
2328883728.jpg,1
2328958801.jpg,3
2329255732.jpg,4
2330146659.jpg,2
2330534234.jpg,0
2333596954.jpg,3
2334816415.jpg,3
2334840744.jpg,1
2336439281.jpg,4
2338213285.jpg,2
2338676857.jpg,3
2338923245.jpg,0
2339434665.jpg,0
2341588461.jpg,3
2342986472.jpg,2
2343533524.jpg,2
234373089.jpg,3
2344929083.jpg,1
2349124978.jpg,2
2350967286.jpg,1
2351508179.jpg,3
2353083243.jpg,0
2354424014.jpg,0
235479847.jpg,0
2356165389.jpg,3
2357002405.jpg,2
235787539.jpg,2
2358834475.jpg,3
2360164721.jpg,3
2361163425.jpg,2
2361272230.jpg,1
2361399280.jpg,1
2363265177.jpg,0
2367026678.jpg,3
236777190.jpg,3
2367836541.jpg,3
2368100826.jpg,2
2368198157.jpg,0
2368971833.jpg,3
2369472635.jpg,1
237098869.jpg,3
2371237551.jpg,1
2373885965.jpg,3
237477480.jpg,3
2376480067.jpg,3
2381662575.jpg,3
2382410530.jpg,4
2383740789.jpg,3
2384287650.jpg,3
2385674368.jpg,3
2386110044.jpg,3
2387214009.jpg,3
2388256843.jpg,3
2389323384.jpg,3
2390205011.jpg,3
2390908858.jpg,2
2390982435.jpg,1
2391557874.jpg,4
2393813374.jpg,3
2399421947.jpg,1
2402461285.jpg,4
2404247707.jpg,3
2405041059.jpg,3
2405788205.jpg,3
2406261775.jpg,0
2406694792.jpg,2
240988972.jpg,3
2411989112.jpg,2
2414261693.jpg,4
2415890746.jpg,3
2416129952.jpg,4
2416353814.jpg,1
2418737961.jpg,3
2421584728.jpg,2
242295464.jpg,3
2423261447.jpg,3
2423538120.jpg,4
2424570451.jpg,1
2426854829.jpg,3
2429433234.jpg,3
2429667636.jpg,2
2429816530.jpg,0
2431460222.jpg,3
243194540.jpg,4
2432250705.jpg,2
2433962799.jpg,2
2434060194.jpg,1
2435051665.jpg,1
2435788623.jpg,2
2438313768.jpg,2
2439113989.jpg,3
2440096561.jpg,4
2440838390.jpg,0
2444813002.jpg,2
2445871851.jpg,4
2446621407.jpg,1
2447086641.jpg,4
2448870532.jpg,1
2454437891.jpg,4
2457479781.jpg,0
2460344945.jpg,3
2462241027.jpg,3
2462343820.jpg,4
24632378.jpg,3
2465664646.jpg,0
2468021699.jpg,4
2469928769.jpg,2
2470178164.jpg,1
2471622772.jpg,2
2471978999.jpg,3
2473638974.jpg,2
2480152514.jpg,3
2485910685.jpg,3
248804719.jpg,4
248855703.jpg,2
2488940657.jpg,1
2489511782.jpg,3
2489922453.jpg,4
2490112634.jpg,0
2494405997.jpg,1
249475993.jpg,3
2496707539.jpg,3
2498224587.jpg,4
2499466480.jpg,4
2499562554.jpg,1
2500976609.jpg,0
2504350669.jpg,3
2505719500.jpg,4
2505935293.jpg,4
2506195941.jpg,4
2508113831.jpg,1
250913083.jpg,3
2509771823.jpg,3
2509784000.jpg,3
2510072136.jpg,4
2514350663.jpg,3
2515648929.jpg,3
2516584960.jpg,3
2516805400.jpg,3
2519147193.jpg,2
2520536047.jpg,3
2520831403.jpg,3
2521900114.jpg,1
2524440517.jpg,1
2524986603.jpg,1
2527606306.jpg,1
2529150821.jpg,0
2530435874.jpg,3
2531594937.jpg,2
2531944838.jpg,4
2532608819.jpg,3
2534943188.jpg,3
2535406918.jpg,2
2536523120.jpg,2
2536863270.jpg,2
2538012199.jpg,0
2539042666.jpg,4
2540924084.jpg,3
2541245392.jpg,3
2541897274.jpg,2
2542629579.jpg,1
254280460.jpg,3
2543156984.jpg,3
2543681056.jpg,3
2543879211.jpg,2
2544512868.jpg,3
2545001925.jpg,1
2547522222.jpg,1
2548262231.jpg,4
2549375363.jpg,2
2551779065.jpg,3
2552592093.jpg,0
2554046191.jpg,3
2554260896.jpg,3
2555433348.jpg,0
2556503478.jpg,4
2556565075.jpg,4
2557871369.jpg,1
2557965026.jpg,1
2559464808.jpg,2
2559696276.jpg,0
2560958155.jpg,2
2563788715.jpg,3
2570433582.jpg,3
2570672557.jpg,1
2570786789.jpg,1
2571196275.jpg,3
2572237753.jpg,1
2573889485.jpg,3
2578576273.jpg,3
2579865055.jpg,3
2580905248.jpg,3
2582612348.jpg,1
2586512285.jpg,2
2586811772.jpg,3
2587404685.jpg,1
2587638393.jpg,2
2589663236.jpg,3
259197447.jpg,0
2592058487.jpg,4
2595003761.jpg,1
2595712013.jpg,1
259632264.jpg,3
2596858727.jpg,0
2598399396.jpg,2
2601538502.jpg,2
2601582697.jpg,3
2602649407.jpg,3
2606913774.jpg,0
2608690004.jpg,1
2611064559.jpg,3
2612857188.jpg,0
2614256143.jpg,1
2615629258.jpg,3
2616267546.jpg,3
2616771269.jpg,4
2618313082.jpg,1
2618441199.jpg,4
261894998.jpg,3
2619668499.jpg,4
2621446667.jpg,4
2621976990.jpg,3
2623245968.jpg,4
2631828957.jpg,3
2635765924.jpg,3
2636545595.jpg,2
263687103.jpg,3
2639598542.jpg,3
2642374600.jpg,1
2642446422.jpg,4
2645405377.jpg,3
2645759543.jpg,3
2646565423.jpg,3
2646704086.jpg,3
2647070246.jpg,2
2647522800.jpg,3
2652140476.jpg,0
2654269519.jpg,4
2655556290.jpg,4
2656964450.jpg,3
2657104946.jpg,2
2657757602.jpg,2
2658482776.jpg,4
2663345474.jpg,3
2664968316.jpg,4
2665505446.jpg,3
2665787416.jpg,0
2666077956.jpg,3
2667091366.jpg,3
2667674667.jpg,3
2667979322.jpg,3
2668242529.jpg,0
2668524110.jpg,1
2673087220.jpg,1
2673614730.jpg,3
2673946061.jpg,3
2674172422.jpg,2
2675072125.jpg,3
2678764657.jpg,0
2678970011.jpg,3
2679083763.jpg,3
2679988285.jpg,4
2680320967.jpg,4
26805266.jpg,3
2681562878.jpg,4
2682687426.jpg,3
268372107.jpg,2
2689481411.jpg,2
2690070088.jpg,1
2690493912.jpg,1
269106077.jpg,3
2692570142.jpg,3
2694336156.jpg,1
2699275892.jpg,4
2704051333.jpg,4
2704191528.jpg,4
27047804.jpg,4
2704844325.jpg,4
2706759956.jpg,2
2707769947.jpg,2
2710259735.jpg,3
2710925690.jpg,4
2711272191.jpg,4
271205318.jpg,1
2713091649.jpg,1
2713307369.jpg,4
271476436.jpg,2
2715218500.jpg,2
2715574572.jpg,3
2719402606.jpg,3
2721367829.jpg,0
2722061896.jpg,3
2722977827.jpg,3
2724161068.jpg,1
2728936550.jpg,3
2729880246.jpg,3
2730226007.jpg,4
2731257282.jpg,0
2732047545.jpg,3
2732131955.jpg,1
2732794141.jpg,3
2732825636.jpg,1
2735556764.jpg,2
2735810641.jpg,3
2736688100.jpg,1
2737692918.jpg,0
2740084860.jpg,0
2740240477.jpg,4
2740410159.jpg,1
2740620801.jpg,2
2741098659.jpg,3
2742945698.jpg,4
2745229372.jpg,3
2747068344.jpg,2
2748770173.jpg,4
2751851648.jpg,4
2757300199.jpg,4
2757749488.jpg,4
2759146229.jpg,1
2759500008.jpg,3
2759737963.jpg,1
2761071019.jpg,3
2761769890.jpg,0
2765109909.jpg,4
2766668976.jpg,3
2767841280.jpg,3
2772001949.jpg,3
2776899438.jpg,3
2777405402.jpg,1
2779467880.jpg,2
2779488398.jpg,4
2782668721.jpg,4
2784994584.jpg,2
2785784013.jpg,4
2787596075.jpg,4
2788636318.jpg,3
2789524005.jpg,3
2789670576.jpg,3
2795015114.jpg,0
2796965333.jpg,2
2797222950.jpg,4
2797850059.jpg,2
27989539.jpg,1
2800812687.jpg,1
2800998571.jpg,3
2801545272.jpg,1
2809660015.jpg,2
2811688556.jpg,3
2812234258.jpg,3
2813858062.jpg,2
281473459.jpg,1
2815195453.jpg,4
2815272486.jpg,2
2815296701.jpg,4
2816524205.jpg,4
2817010639.jpg,3
2818034584.jpg,3
2819917494.jpg,2
281999383.jpg,4
2823403076.jpg,1
2823557191.jpg,1
2823911306.jpg,3
2826018346.jpg,4
2828575652.jpg,3
2831815684.jpg,3
2832723542.jpg,4
2834820650.jpg,2
2837753620.jpg,2
2838088405.jpg,2
2839492411.jpg,2
2839558739.jpg,4
2840067071.jpg,4
284130814.jpg,4
2841497456.jpg,2
2842496003.jpg,3
284270936.jpg,4
2846421039.jpg,4
2847604591.jpg,1
2848833347.jpg,1
2849738435.jpg,3
2850864042.jpg,3
2851044732.jpg,1
2851112716.jpg,1
2851173680.jpg,3
285161140.jpg,3
2853469251.jpg,2
2856404486.jpg,2
2857712937.jpg,0
2858396640.jpg,0
2858877358.jpg,1
2859411048.jpg,1
2861516839.jpg,3
2864463942.jpg,3
2864532885.jpg,3
2864662204.jpg,3
2865650772.jpg,3
2866368474.jpg,2
2867619022.jpg,3
2867985976.jpg,3
2872930552.jpg,2
2874755913.jpg,1
2876605372.jpg,2
2881486554.jpg,1
2882347147.jpg,1
2882878269.jpg,4
2883095931.jpg,4
2883512033.jpg,3
2884234372.jpg,2
2885612142.jpg,2
2888618344.jpg,3
2889748854.jpg,4
2892378347.jpg,1
2892512782.jpg,3
2893965376.jpg,3
2895326283.jpg,1
2895432625.jpg,2
2895678795.jpg,3
2896379895.jpg,0
2898618584.jpg,3
2901708909.jpg,3
2903239369.jpg,0
2903569782.jpg,3
2903816305.jpg,3
2906219922.jpg,2
2907829434.jpg,2
2908034482.jpg,4
2908770842.jpg,1
2908850591.jpg,4
2909347864.jpg,3
2912577934.jpg,4
2912938303.jpg,3
2913981436.jpg,1
291970029.jpg,2
2920798001.jpg,4
292381950.jpg,4
2925148660.jpg,3
2926436715.jpg,3
2932210794.jpg,4
2934031861.jpg,2
2937880643.jpg,3
2938739855.jpg,4
293936551.jpg,3
2939800757.jpg,4
2940017595.jpg,3
2940268858.jpg,3
2940769797.jpg,4
2941244551.jpg,2
2942298229.jpg,3
2943837219.jpg,4
2944161091.jpg,0
2944420316.jpg,4
2945240485.jpg,3
2945358749.jpg,4
2946005608.jpg,3
294640779.jpg,4
2946993794.jpg,1
2947092934.jpg,1
2947901337.jpg,3
2947932468.jpg,3
294829234.jpg,3
2950166442.jpg,1
2950296970.jpg,2
2951126410.jpg,3
2952187496.jpg,1
2952841770.jpg,3
2956539470.jpg,4
2956574119.jpg,3
2957985551.jpg,3
2959800019.jpg,0
2961796760.jpg,2
2964319583.jpg,2
2966179954.jpg,3
2966195606.jpg,2
2966278497.jpg,3
296929664.jpg,2
2969556104.jpg,3
2970713601.jpg,3
2971070018.jpg,4
2971198259.jpg,4
2971311269.jpg,3
2972617511.jpg,2
297361079.jpg,3
2974027386.jpg,0
297419714.jpg,3
2976042817.jpg,4
297627784.jpg,2
2976631036.jpg,1
2978135052.jpg,2
297915316.jpg,4
2980718434.jpg,3
298282454.jpg,0
2983128963.jpg,4
2986676865.jpg,3
2988461706.jpg,2
2988588549.jpg,3
2993504206.jpg,3
2993551637.jpg,3
2995209596.jpg,3
2995735378.jpg,2
2998838008.jpg,1
3005355471.jpg,3
3006063417.jpg,2
3011700717.jpg,3
3012872087.jpg,3
3014758416.jpg,3
3015820348.jpg,3
3019986672.jpg,3
3022052260.jpg,1
3022069387.jpg,2
3022329873.jpg,4
302524536.jpg,4
3027691323.jpg,2
3028047509.jpg,3
3029026599.jpg,1
3031973712.jpg,4
3033387062.jpg,3
3033568270.jpg,1
3034275498.jpg,3
3039362651.jpg,3
3039675754.jpg,4
3041790402.jpg,1
3043214100.jpg,3
3043906559.jpg,4
3046878913.jpg,2
3047731871.jpg,3
3051256988.jpg,3
3051541520.jpg,3
3052425388.jpg,3
3053608144.jpg,3
3054647341.jpg,2
3056158395.jpg,3
3056721396.jpg,1
3056926498.jpg,3
3057523045.jpg,1
3058839740.jpg,3
3059834249.jpg,3
3060813275.jpg,3
3060880154.jpg,3
3063789590.jpg,4
3066868630.jpg,2
3068094202.jpg,3
3068464619.jpg,4
3071921954.jpg,2
3072589200.jpg,2
3072970337.jpg,3
3073238981.jpg,1
3075515456.jpg,3
3075634197.jpg,2
3077845683.jpg,0
3080364100.jpg,3
3082321986.jpg,2
3082875782.jpg,3
3083709304.jpg,4
3085440105.jpg,4
3085561722.jpg,4
3087051356.jpg,2
3088191583.jpg,4
3088621387.jpg,3
3089245130.jpg,1
3089361275.jpg,3
3089605566.jpg,2
3090899728.jpg,2
3093623574.jpg,2
3095413567.jpg,2
3101160997.jpg,3
3101645005.jpg,3
310583515.jpg,3
3105885441.jpg,1
3106354141.jpg,2
3112062061.jpg,1
3112835749.jpg,3
3113192352.jpg,3
3115158095.jpg,3
3116658586.jpg,3
3117356671.jpg,3
3117904947.jpg,3
3118293114.jpg,4
3118623824.jpg,4
3118866660.jpg,1
311947873.jpg,1
3120465337.jpg,3
312082774.jpg,2
3121650920.jpg,3
3123589236.jpg,3
3128965245.jpg,2
3132206324.jpg,2
3133037045.jpg,1
3133376122.jpg,3
3136330452.jpg,4
3141049473.jpg,3
3142222157.jpg,1
3145427906.jpg,2
3146245132.jpg,3
3150477025.jpg,2
3151613826.jpg,1
3154594813.jpg,3
3155962772.jpg,2
3160964625.jpg,2
3161462315.jpg,1
316185189.jpg,2
31623252.jpg,1
3163944517.jpg,3
3164685784.jpg,3
3167189291.jpg,3
3171295117.jpg,3
3172040723.jpg,2
3174024778.jpg,2
3174632328.jpg,3
3175363969.jpg,2
3175679586.jpg,3
3176059976.jpg,4
3177530760.jpg,3
318003084.jpg,4
3180565716.jpg,4
3181538657.jpg,2
3181988739.jpg,3
3182736637.jpg,2
3183287090.jpg,4
3184329827.jpg,3
3186714136.jpg,0
3187558480.jpg,4
3187755920.jpg,0
3192927904.jpg,2
3193568902.jpg,3
3195527242.jpg,4
3197791330.jpg,3
3198640904.jpg,4
3198959559.jpg,3
3199885439.jpg,3
3201631268.jpg,3
3203913963.jpg,3
3205640765.jpg,4
3209205412.jpg,2
321186710.jpg,3
3213457591.jpg,3
3213680701.jpg,2
3215535093.jpg,2
3218913875.jpg,3
3219439906.jpg,0
3220061337.jpg,3
3222453673.jpg,2
3227870524.jpg,1
3228780616.jpg,3
323035134.jpg,2
3233610742.jpg,3
3237815335.jpg,4
3237922501.jpg,2
3238801760.jpg,3
3239751469.jpg,3
324027470.jpg,2
324493951.jpg,1
3246576507.jpg,4
3247350165.jpg,4
3247452653.jpg,3
3247545226.jpg,1
3247645012.jpg,4
3252706161.jpg,3
3254091350.jpg,3
3255287642.jpg,3
325724321.jpg,2
3262221593.jpg,0
3264451283.jpg,3
3265165430.jpg,3
3267306018.jpg,4
3267685049.jpg,2
3268077993.jpg,1
326882587.jpg,3
3268898958.jpg,2
3269539876.jpg,1
3271089723.jpg,2
3271104064.jpg,2
327309944.jpg,2
3273515631.jpg,3
3274661195.jpg,1
3275347756.jpg,3
3276579390.jpg,2
3276656729.jpg,4
3278657950.jpg,4
3281750084.jpg,4
3282595090.jpg,4
3283270801.jpg,4
3289401619.jpg,3
3294260404.jpg,1
329537170.jpg,3
3300470808.jpg,4
3303116849.jpg,1
3303586699.jpg,1
3303794877.jpg,1
3307432740.jpg,0
3308361838.jpg,4
3308428199.jpg,2
3309321224.jpg,2
3310982329.jpg,4
3311561810.jpg,3
3312082353.jpg,3
3323944074.jpg,3
3325565280.jpg,3
332612328.jpg,3
3329131799.jpg,4
3330987820.jpg,3
3333295936.jpg,3
3333666077.jpg,3
3334543433.jpg,0
33354579.jpg,1
3336393454.jpg,3
3337091008.jpg,1
3337181304.jpg,1
3337726252.jpg,1
3338027863.jpg,2
3339139247.jpg,2
3339501644.jpg,2
3340196015.jpg,3
3341146922.jpg,3
3341706471.jpg,2
3342257718.jpg,4
3342658520.jpg,2
334288239.jpg,1
3342918940.jpg,3
334306326.jpg,3
3343661138.jpg,2
3344181813.jpg,3
3344412896.jpg,4
3345615928.jpg,4
3346048761.jpg,2
3346966351.jpg,1
3347545196.jpg,1
3349107107.jpg,3
3350533771.jpg,4
3356154075.jpg,4
3358035906.jpg,3
3361317754.jpg,0
3362743829.jpg,4
336299725.jpg,2
3363322638.jpg,3
3363710081.jpg,4
3363949719.jpg,2
3368063139.jpg,3
3370446446.jpg,1
3371705834.jpg,3
337218970.jpg,0
3373631271.jpg,4
3377176469.jpg,3
3378843879.jpg,0
3378948686.jpg,2
3381014274.jpg,3
3382800297.jpg,3
3383147575.jpg,4
3383545626.jpg,1
3385789384.jpg,3
3385811418.jpg,4
3386628365.jpg,3
338729354.jpg,4
3387497035.jpg,3
3389284339.jpg,2
339278657.jpg,2
3393956189.jpg,4
3394465312.jpg,3
3395212339.jpg,4
3395726663.jpg,4
3396364831.jpg,1
3397166306.jpg,3
3397768172.jpg,3
3398807044.jpg,3
3399565382.jpg,2
3402340235.jpg,3
3403529762.jpg,1
3404585769.jpg,3
3406720343.jpg,4
340679528.jpg,2
3408858113.jpg,3
3410500965.jpg,2
34123892.jpg,3
3412620463.jpg,4
3413715358.jpg,4
3414355940.jpg,3
3419613818.jpg,1
3419650756.jpg,2
3421109276.jpg,3
342227867.jpg,3
342634878.jpg,3
3427992979.jpg,3
342958683.jpg,0
3430075887.jpg,3
3430083704.jpg,4
3432135920.jpg,2
3440654667.jpg,3
3441418915.jpg,4
3443846811.jpg,0
3445006321.jpg,2
3448607006.jpg,2
3449233944.jpg,3
3449482809.jpg,4
3451871229.jpg,2
3452080171.jpg,3
3452368233.jpg,3
3452736649.jpg,0
3453138674.jpg,3
3455270966.jpg,3
3455364465.jpg,3
3455944883.jpg,3
3456476470.jpg,1
3456823667.jpg,4
3457494065.jpg,4
3458199144.jpg,3
3459239609.jpg,2
3462734747.jpg,2
3464607854.jpg,3
346540685.jpg,2
3468310197.jpg,2
3469814138.jpg,3
3473517572.jpg,3
3474078431.jpg,3
3474657752.jpg,0
3474948035.jpg,3
3476502562.jpg,3
3476880261.jpg,4
347892415.jpg,2
3482221509.jpg,3
348249198.jpg,4
3483344406.jpg,0
3484566225.jpg,1
3486341851.jpg,1
3487010355.jpg,4
3487169055.jpg,3
3487600092.jpg,3
3489269748.jpg,3
3489780896.jpg,0
3490066061.jpg,2
3491462483.jpg,2
3491811228.jpg,3
3492042850.jpg,4
3497672058.jpg,3
3498094604.jpg,2
3501265654.jpg,4
3502618132.jpg,3
3502675900.jpg,3
3504544363.jpg,3
3506685694.jpg,3
3507556647.jpg,3
3511444147.jpg,4
351175754.jpg,2
3513035899.jpg,3
3514164612.jpg,4
3514373354.jpg,3
3514484389.jpg,2
3516352675.jpg,2
3516413675.jpg,0
3517828847.jpg,2
3519124623.jpg,4
3522543975.jpg,2
3523309825.jpg,2
3523396173.jpg,3
352362036.jpg,3
352468512.jpg,4
352762760.jpg,2
3529758139.jpg,2
3533375796.jpg,4
3533486523.jpg,4
3533493433.jpg,1
3533539817.jpg,2
3533572818.jpg,3
3533832269.jpg,2
3535078664.jpg,4
3535260857.jpg,4
3535332195.jpg,3
3537608391.jpg,2
3537938630.jpg,4
3540255449.jpg,1
3542364531.jpg,3
3542602589.jpg,3
3543731892.jpg,2
354756762.jpg,4
3547680343.jpg,4
3549070816.jpg,1
3550628898.jpg,3
3553238343.jpg,3
3554706720.jpg,1
3556041775.jpg,2
3556554979.jpg,2
3558352705.jpg,3
3558515424.jpg,3
3559812873.jpg,4
3560558038.jpg,4
3561279698.jpg,3
3561890099.jpg,2
356379628.jpg,2
3566642646.jpg,4
3567421807.jpg,4
3568424320.jpg,3
3571158038.jpg,2
3571564283.jpg,2
3572033976.jpg,3
3573601815.jpg,3
3574308503.jpg,4
3575313452.jpg,3
3575986967.jpg,3
3576823132.jpg,2
3579018611.jpg,2
3579477391.jpg,3
3580225233.jpg,1
358323582.jpg,2
3587386761.jpg,2
3588363246.jpg,4
3589151807.jpg,3
3589419894.jpg,3
3596057855.jpg,2
3597319965.jpg,3
3603508570.jpg,2
3604608395.jpg,3
3605605369.jpg,3
360706290.jpg,4
3607739406.jpg,3
3608578044.jpg,3
3609926287.jpg,3
36120366.jpg,3
3612391519.jpg,4
3612886181.jpg,1
3617536726.jpg,3
3619447229.jpg,3
3619611335.jpg,4
3620351834.jpg,4
3621477021.jpg,1
362190021.jpg,2
3623190050.jpg,1
3623375685.jpg,2
3623482214.jpg,3
362383094.jpg,1
3625017880.jpg,3
362695786.jpg,2
3630310282.jpg,3
3633631625.jpg,4
3634020849.jpg,4
3634357776.jpg,4
3636294049.jpg,0
3636648343.jpg,3
3636948632.jpg,2
3637072824.jpg,2
3637332157.jpg,3
3638899737.jpg,1
3643755636.jpg,3
3644704769.jpg,3
3646738568.jpg,4
3647297248.jpg,3
3647735432.jpg,3
3649693860.jpg,0
3651447352.jpg,4
3651930392.jpg,3
3652447934.jpg,0
3655257116.jpg,2
3655511142.jpg,2
3656419119.jpg,0
3659739302.jpg,2
3664608014.jpg,3
3665306245.jpg,4
3665324057.jpg,3
3669244109.jpg,3
3670288988.jpg,3
3670635448.jpg,2
3674280452.jpg,4
3676798253.jpg,3
3677086623.jpg,1
3680677373.jpg,3
3682980457.jpg,4
3683714600.jpg,2
3686283354.jpg,0
3688735381.jpg,4
3689984405.jpg,1
3691200692.jpg,4
3692116146.jpg,1
3693124692.jpg,2
369349787.jpg,1
369451134.jpg,3
3695063777.jpg,3
3695423491.jpg,3
3698640204.jpg,0
370235390.jpg,3
3702701044.jpg,3
370935703.jpg,4
3710947953.jpg,4
3712541551.jpg,3
3713301383.jpg,4
3713675255.jpg,4
3714240352.jpg,1
3715871015.jpg,2
3717326513.jpg,2
3717454916.jpg,3
3717608172.jpg,2
3718607150.jpg,3
3718724098.jpg,1
3718836957.jpg,3
3720115396.jpg,3
372067852.jpg,3
372080564.jpg,1
3722009865.jpg,2
3723227529.jpg,4
3723613666.jpg,3
3724726021.jpg,2
3724895010.jpg,4
3725011137.jpg,3
3726258018.jpg,3
3727402157.jpg,2
3731330072.jpg,3
3731977760.jpg,3
3732011479.jpg,3
3732297086.jpg,3
3735562929.jpg,2
3737714196.jpg,2
3737986834.jpg,4
3738990958.jpg,3
3739341345.jpg,3
3742836449.jpg,1
3743063654.jpg,4
3747261251.jpg,3
3748568863.jpg,3
3750000354.jpg,4
3750531615.jpg,2
3750670092.jpg,3
3751355008.jpg,3
3751819618.jpg,4
3752024211.jpg,1
3755206002.jpg,3
3756317968.jpg,2
3758597448.jpg,1
3765687656.jpg,4
3766549502.jpg,4
3769308751.jpg,1
376932028.jpg,4
3770389028.jpg,0
377138012.jpg,3
3772677160.jpg,4
3773545808.jpg,3
3775008056.jpg,3
3775082960.jpg,0
3775654350.jpg,3
3775748715.jpg,4
3779623554.jpg,4
3783295849.jpg,4
3784315903.jpg,2
3784738955.jpg,3
3786378837.jpg,3
3786394001.jpg,3
3787760414.jpg,0
378819358.jpg,4
3788644413.jpg,4
3789310697.jpg,1
3789737508.jpg,4
3790228631.jpg,4
3791289427.jpg,1
3793364086.jpg,4
3793671937.jpg,3
3795401018.jpg,3
379548308.jpg,2
3798939425.jpg,4
3809350944.jpg,2
3809607157.jpg,2
3809761215.jpg,3
3812225296.jpg,2
3813040999.jpg,3
3813835902.jpg,2
3815372815.jpg,3
3816048744.jpg,4
3816412484.jpg,3
3817337471.jpg,2
3820511511.jpg,3
3826311203.jpg,3
382849332.jpg,1
3829295052.jpg,2
383010282.jpg,3
3831055532.jpg,4
3838205917.jpg,3
3838519719.jpg,2
384112103.jpg,4
3847172492.jpg,3
3847243478.jpg,2
3847675023.jpg,4
3847712116.jpg,3
3847725320.jpg,2
3848881120.jpg,2
3850871951.jpg,3
3855509491.jpg,3
3855857289.jpg,2
3856210949.jpg,4
3862202038.jpg,1
3864050647.jpg,4
3864270761.jpg,1
3865170534.jpg,3
3867608934.jpg,2
3867968333.jpg,3
3869408144.jpg,4
3870383420.jpg,3
3871053042.jpg,3
3872026494.jpg,2
3874317534.jpg,3
3875805054.jpg,3
3877698675.jpg,3
387772759.jpg,3
3878478005.jpg,2
3880085819.jpg,2
3880530404.jpg,4
3884189662.jpg,1
3885669977.jpg,3
3887778156.jpg,3
3888625899.jpg,1
3889376143.jpg,0
3889664923.jpg,0
3894043891.jpg,0
3894262995.jpg,3
3894374092.jpg,4
3895415076.jpg,3
3895696806.jpg,1
389664208.jpg,1
3899993787.jpg,2
390092040.jpg,3
3902258534.jpg,3
3904023913.jpg,2
3906746575.jpg,2
3907794164.jpg,3
390879098.jpg,2
3909502094.jpg,1
3909976071.jpg,3
3912926258.jpg,2
3914258603.jpg,2
3919110751.jpg,0
3921328805.jpg,1
3925504132.jpg,1
3925869140.jpg,2
3926325186.jpg,3
3928883065.jpg,0
3930678824.jpg,4
3931679914.jpg,4
3934403227.jpg,4
3934860878.jpg,3
3936119100.jpg,1
3937810828.jpg,4
3939103661.jpg,3
3939283062.jpg,3
3939876859.jpg,0
3941011892.jpg,3
3941065360.jpg,1
3942542694.jpg,3
394362390.jpg,3
394451018.jpg,1
3944665057.jpg,3
3944854455.jpg,3
3946409758.jpg,4
39509515.jpg,2
3952521277.jpg,2
3953222407.jpg,2
3953857113.jpg,1
3955739563.jpg,4
3956778160.jpg,0
3957612771.jpg,2
3957819631.jpg,1
3959033347.jpg,0
396042395.jpg,3
3962941156.jpg,3
3963163426.jpg,4
3963421928.jpg,3
3964080612.jpg,4
3964124529.jpg,2
3964240864.jpg,4
3964316261.jpg,3
3966311153.jpg,3
3966618744.jpg,1
3967002927.jpg,3
397081522.jpg,4
3971124978.jpg,2
3971401456.jpg,1
3971597689.jpg,3
397242175.jpg,2
3973659068.jpg,0
397896685.jpg,1
3980819954.jpg,4
3981217700.jpg,3
3983257977.jpg,3
3985416531.jpg,3
3986073933.jpg,3
3989761123.jpg,4
399009476.jpg,2
3994869632.jpg,4
3995159118.jpg,3
3995855836.jpg,1
3996497470.jpg,1
3996512301.jpg,3
3997582442.jpg,3
3998982675.jpg,1
4000520733.jpg,0
4001352115.jpg,3
4003454599.jpg,3
4004943921.jpg,3
400576594.jpg,3
4006299018.jpg,3
4006771974.jpg,3
4007062391.jpg,0
4011347600.jpg,3
4013610919.jpg,3
4013991367.jpg,3
4014439076.jpg,3
4016407107.jpg,3
4016547157.jpg,3
4017822607.jpg,2
4020967686.jpg,3
402211676.jpg,3
4024436293.jpg,1
402874662.jpg,3
402875912.jpg,2
4028883745.jpg,2
4030345152.jpg,1
4030410880.jpg,2
4031297900.jpg,2
4032940326.jpg,2
403422220.jpg,3
4034498053.jpg,4
4034553253.jpg,3
4035576240.jpg,3
4035811730.jpg,3
4036237704.jpg,4
4037648479.jpg,2
4037735151.jpg,3
4040452479.jpg,4
4042496889.jpg,2
4044550421.jpg,4
4047585545.jpg,3
404837485.jpg,1
4049425598.jpg,2
4049743612.jpg,2
4052298208.jpg,3
4053192372.jpg,3
4054666662.jpg,4
4056167943.jpg,3
4056695916.jpg,4
4057082743.jpg,4
4057892749.jpg,4
4060707407.jpg,3
4062190855.jpg,3
4062580069.jpg,1
4063216337.jpg,4
4063439592.jpg,3
4063897288.jpg,1
4064148193.jpg,3
4064862687.jpg,3
4067764811.jpg,3
4068888153.jpg,3
4073523035.jpg,0
40795473.jpg,3
4080972605.jpg,2
4083711449.jpg,4
4083849263.jpg,3
4087569473.jpg,2
4089645917.jpg,4
4089978663.jpg,3
4091571824.jpg,4
4092496590.jpg,3
4092623035.jpg,3
4095924422.jpg,4
4098951453.jpg,2
4099004871.jpg,3
4100436529.jpg,3
4100598870.jpg,4
4102442898.jpg,3
4102729978.jpg,4
4102968836.jpg,3
4103274356.jpg,3
410355412.jpg,3
4103654228.jpg,2
4105402505.jpg,3
410863155.jpg,4
4109950736.jpg,1
4111161962.jpg,1
4111582298.jpg,3
4113877744.jpg,4
4114133209.jpg,1
4116136963.jpg,3
4117129692.jpg,2
4118954331.jpg,3
4120621808.jpg,3
4120735558.jpg,3
4120960004.jpg,3
4128762392.jpg,1
4130177618.jpg,3
4130607163.jpg,2
413123167.jpg,2
4134659314.jpg,1
4138957556.jpg,3
4140207015.jpg,2
4140557884.jpg,3
4145471533.jpg,0
4145595052.jpg,0
4147565807.jpg,3
4148306870.jpg,2
4148349078.jpg,3
4149062810.jpg,3
4151340541.jpg,3
4153204450.jpg,0
415504810.jpg,2
4157431857.jpg,3
416260433.jpg,3
4165541319.jpg,0
4165918071.jpg,3
4166257739.jpg,3
4168645136.jpg,1
4169508703.jpg,4
4169866451.jpg,2
4171069852.jpg,3
4171117342.jpg,1
4171305326.jpg,0
417135798.jpg,2
4173430293.jpg,1
4174034867.jpg,0
4175214629.jpg,3
4175483651.jpg,4
4175864678.jpg,1
4177519290.jpg,3
4179303014.jpg,3
4179735226.jpg,3
4186680625.jpg,2
4188219605.jpg,2
4195598174.jpg,3
4200880538.jpg,4
4202436858.jpg,3
4205804371.jpg,2
420749600.jpg,4
4207507257.jpg,4
4207597104.jpg,3
4209575445.jpg,3
4210199349.jpg,1
4210844423.jpg,2
4211138249.jpg,3
4213060082.jpg,3
4213471018.jpg,3
4217871378.jpg,2
4219325672.jpg,3
4221848010.jpg,3
4221918564.jpg,4
4222895181.jpg,3
4222984856.jpg,2
4223598705.jpg,3
4224427146.jpg,4
4224616597.jpg,4
4224873954.jpg,3
4225259568.jpg,2
4228006175.jpg,0
4228501282.jpg,4
4230605387.jpg,2
423272178.jpg,2
4240036351.jpg,4
4241128101.jpg,2
4242325516.jpg,2
4244950360.jpg,3
4245177289.jpg,3
4247400003.jpg,3
4247839780.jpg,1
4248695502.jpg,3
4249930536.jpg,2
4250210058.jpg,0
4251001492.jpg,3
4251271803.jpg,4
4251608120.jpg,2
4252015282.jpg,4
4252058382.jpg,2
4252235677.jpg,3
4252410554.jpg,4
4253520478.jpg,3
4254213032.jpg,2
4254533142.jpg,3
4254813390.jpg,1
4255738008.jpg,2
4256542670.jpg,3
4257577206.jpg,0
4260449976.jpg,3
42609166.jpg,3
426501539.jpg,4
4265873256.jpg,1
4266959009.jpg,4
4269977129.jpg,3
4270123145.jpg,3
4272738876.jpg,3
4273616869.jpg,4
4273727278.jpg,3
427487173.jpg,2
4275236690.jpg,3
4276465485.jpg,3
4277213356.jpg,4
4279471194.jpg,3
4280091186.jpg,4
4280760906.jpg,4
4284428305.jpg,3
4285401686.jpg,3
4286700834.jpg,4
4291622548.jpg,2
4292386497.jpg,2
4292988075.jpg,2
4293860103.jpg,3
434367485.jpg,3
435059376.jpg,4
435094576.jpg,0
435951726.jpg,4
436868168.jpg,0
438095815.jpg,3
439346642.jpg,1
440896922.jpg,2
441501298.jpg,1
444715052.jpg,4
445341591.jpg,4
446546740.jpg,3
447702060.jpg,2
447826793.jpg,1
451433123.jpg,3
451500275.jpg,3
451825559.jpg,0
456107080.jpg,3
458282782.jpg,3
458698920.jpg,1
459566103.jpg,3
460888118.jpg,3
462652564.jpg,2
466809222.jpg,3
467561327.jpg,3
469245584.jpg,2
469559658.jpg,3
471733925.jpg,0
471996434.jpg,4
472269630.jpg,3
472489554.jpg,1
472536044.jpg,3
481101110.jpg,2
483070348.jpg,2
483199386.jpg,3
483725147.jpg,1
484462927.jpg,1
4851187.jpg,2
485496455.jpg,3
487884059.jpg,1
489369440.jpg,1
489869560.jpg,3
490343607.jpg,3
491341032.jpg,3
492140725.jpg,0
49247184.jpg,0
493667259.jpg,3
495769274.jpg,3
496284862.jpg,4
497447638.jpg,1
497620321.jpg,4
499499899.jpg,4
500317925.jpg,3
503224990.jpg,4
504065374.jpg,3
505820957.jpg,4
506080526.jpg,3
506664858.jpg,2
507089312.jpg,3
508104541.jpg,4
51075448.jpg,4
513780423.jpg,4
514040790.jpg,3
514376645.jpg,3
517018049.jpg,1
517295595.jpg,3
520992069.jpg,3
525349447.jpg,3
527458103.jpg,2
528487165.jpg,3
528632958.jpg,3
530221019.jpg,3
53025412.jpg,3
530632304.jpg,3
531614810.jpg,2
53200283.jpg,0
532103360.jpg,2
532508558.jpg,1
534969562.jpg,1
538938122.jpg,2
539640759.jpg,0
541016077.jpg,2
54133224.jpg,3
541812079.jpg,3
542067115.jpg,2
54321323.jpg,3
546421963.jpg,1
546947132.jpg,3
547866885.jpg,4
549334343.jpg,1
549529055.jpg,1
551716959.jpg,3
552242420.jpg,0
553294224.jpg,0
554118057.jpg,3
554618944.jpg,3
5546511.jpg,3
555882055.jpg,1
556066757.jpg,3
55670030.jpg,3
55799003.jpg,3
559984441.jpg,3
561444501.jpg,0
565367936.jpg,4
566159695.jpg,4
566469674.jpg,2
568411429.jpg,3
568949064.jpg,3
573832722.jpg,3
577684636.jpg,2
577741069.jpg,3
578279237.jpg,3
579333790.jpg,1
580859644.jpg,3
581030887.jpg,4
581179733.jpg,3
581235562.jpg,4
584996062.jpg,0
589247571.jpg,2
592251506.jpg,0
596124693.jpg,2
598720270.jpg,3
601263353.jpg,2
601644904.jpg,3
603736760.jpg,3
605469419.jpg,1
606006336.jpg,3
608266906.jpg,3
609027712.jpg,2
61074408.jpg,4
611858169.jpg,2
61216809.jpg,3
612426444.jpg,4
612647551.jpg,4
614363476.jpg,3
618285041.jpg,4
618525974.jpg,0
618916143.jpg,1
620158263.jpg,4
62069424.jpg,3
620825319.jpg,4
620927832.jpg,2
621131184.jpg,4
623333046.jpg,2
623631977.jpg,4
624872321.jpg,3
625258862.jpg,1
628546721.jpg,3
629698342.jpg,3
631309846.jpg,3
631607680.jpg,4
632445353.jpg,3
632517607.jpg,3
635576141.jpg,2
63775422.jpg,2
641590483.jpg,3
643044892.jpg,1
645166434.jpg,3
645203852.jpg,2
645748752.jpg,4
646595988.jpg,2
64732457.jpg,3
648616108.jpg,3
651041869.jpg,2
652381513.jpg,4
653465782.jpg,2
655873382.jpg,1
65949096.jpg,0
660699898.jpg,3
661263276.jpg,3
661795879.jpg,1
663146106.jpg,3
664408485.jpg,3
66458318.jpg,1
664943933.jpg,4
666057688.jpg,2
671949861.jpg,1
673860639.jpg,4
675325967.jpg,2
677178045.jpg,3
679977941.jpg,3
681211585.jpg,4
681698816.jpg,3
682973253.jpg,1
68735991.jpg,4
692398741.jpg,4
694387219.jpg,1
696538469.jpg,3
698154366.jpg,4
700971789.jpg,3
702121018.jpg,1
705481569.jpg,3
705886704.jpg,3
707908216.jpg,2
708463860.jpg,2
708900690.jpg,2
711729648.jpg,4
712373628.jpg,3
712382120.jpg,3
713216878.jpg,0
713693996.jpg,2
714791504.jpg,4
716707376.jpg,3
717221311.jpg,3
717745388.jpg,3
718269749.jpg,3
720304671.jpg,3
720647277.jpg,2
723773880.jpg,2
724302384.jpg,3
725248159.jpg,3
730246469.jpg,3
730367123.jpg,3
731084892.jpg,3
733770850.jpg,3
736521224.jpg,2
736834551.jpg,4
737529075.jpg,4
742519691.jpg,4
742539602.jpg,4
742898185.jpg,3
744676370.jpg,3
744972013.jpg,4
747646454.jpg,4
748035819.jpg,4
751472775.jpg,0
753837203.jpg,4
753901704.jpg,2
75598343.jpg,3
759626803.jpg,3
76080816.jpg,3
763642259.jpg,3
76382862.jpg,4
768729652.jpg,4
769621297.jpg,2
772317210.jpg,3
775786945.jpg,2
776473897.jpg,3
777515553.jpg,2
778101302.jpg,4
779284958.jpg,3
780018709.jpg,1
780806888.jpg,3
780812090.jpg,3
7830631.jpg,2
786525788.jpg,3
787415998.jpg,3
790690044.jpg,2
791971573.jpg,3
792366511.jpg,1
792369876.jpg,4
793174767.jpg,2
794895924.jpg,3
796933103.jpg,1
797589607.jpg,4
798023657.jpg,0
801908113.jpg,4
804353681.jpg,2
806185900.jpg,3
807976846.jpg,3
808416790.jpg,0
808870213.jpg,3
809104607.jpg,2
810886166.jpg,3
813217011.jpg,4
814185128.jpg,3
814547184.jpg,1
816935625.jpg,3
817459754.jpg,3
817545586.jpg,1
821382382.jpg,4
822120250.jpg,0
823276084.jpg,4
823483380.jpg,3
82533757.jpg,1
825551560.jpg,2
828472143.jpg,4
829974709.jpg,3
830574932.jpg,0
832729024.jpg,4
832785383.jpg,3
833599102.jpg,2
836589560.jpg,1
83715695.jpg,3
837412690.jpg,4
838106879.jpg,1
838136657.jpg,1
839709957.jpg,3
839823259.jpg,3
84339133.jpg,2
843529789.jpg,3
846141770.jpg,2
84635797.jpg,4
847112619.jpg,3
84787134.jpg,1
848013707.jpg,4
849308241.jpg,3
851063850.jpg,3
8526431.jpg,3
852886751.jpg,3
854883118.jpg,3
860744310.jpg,0
860826658.jpg,3
862706097.jpg,3
863785025.jpg,3
872344634.jpg,3
873526870.jpg,3
875205703.jpg,3
875360512.jpg,3
877430309.jpg,3
881299929.jpg,4
88427493.jpg,4
885231391.jpg,1
885374983.jpg,3
885474029.jpg,1
886973933.jpg,3
887146964.jpg,3
887328137.jpg,2
887896841.jpg,3
889052134.jpg,3
889645201.jpg,2
893035.jpg,3
896047900.jpg,4
900445109.jpg,3
902007589.jpg,4
902299178.jpg,3
903309442.jpg,3
904850856.jpg,3
90670123.jpg,4
909499250.jpg,3
913152954.jpg,1
913261951.jpg,3
913294875.jpg,1
913436788.jpg,3
913567043.jpg,1
913877640.jpg,3
914090622.jpg,3
91429187.jpg,2
915719493.jpg,3
915934159.jpg,3
916237184.jpg,3
916448505.jpg,0
917489819.jpg,3
918168306.jpg,3
918535914.jpg,3
919581401.jpg,3
922756535.jpg,4
923294415.jpg,3
923880010.jpg,3
929286178.jpg,3
929341901.jpg,4
930097123.jpg,3
932287482.jpg,1
935569912.jpg,3
936942979.jpg,4
937960341.jpg,1
93971994.jpg,2
94072059.jpg,2
940939729.jpg,4
94157515.jpg,3
948836344.jpg,4
950677455.jpg,4
950886267.jpg,3
952146173.jpg,3
953844785.jpg,3
955346673.jpg,1
956315464.jpg,3
960297309.jpg,1
96246425.jpg,3
963168720.jpg,3
964570288.jpg,4
964655123.jpg,4
968853775.jpg,3
96912752.jpg,2
969719974.jpg,3
970946808.jpg,4
972793378.jpg,3
972873188.jpg,1
975560905.jpg,3
976680630.jpg,3
977617704.jpg,3
982556736.jpg,4
983360921.jpg,3
987636835.jpg,1
991522911.jpg,3
99202708.jpg,4
996947690.jpg,2
997161074.jpg,3
997973414.jpg,1
999474432.jpg,1
Train_100.jpg,5
Train_1026.jpg,5
Train_1047.jpg,5
Train_1100.jpg,5
Train_1141.jpg,5
Train_1144.jpg,5
Train_1147.jpg,5
Train_1151.jpg,5
Train_1153.jpg,5
Train_1157.jpg,5
Train_1182.jpg,5
Train_1191.jpg,5
Train_1196.jpg,5
Train_1199.jpg,5
Train_1200.jpg,5
Train_1221.jpg,5
Train_1222.jpg,5
Train_1224.jpg,5
Train_1227.jpg,5
Train_1232.jpg,5
Train_1236.jpg,5
Train_1259.jpg,5
Train_126.jpg,5
Train_1268.jpg,5
Train_1269.jpg,5
Train_1276.jpg,5
Train_1278.jpg,5
Train_1296.jpg,5
Train_1298.jpg,5
Train_1326.jpg,5
Train_1349.jpg,5
Train_1356.jpg,5
Train_1372.jpg,5
Train_1378.jpg,5
Train_1384.jpg,5
Train_1388.jpg,5
Train_1391.jpg,5
Train_141.jpg,5
Train_1410.jpg,5
Train_1417.jpg,5
Train_1431.jpg,5
Train_1447.jpg,5
Train_1449.jpg,5
Train_1450.jpg,5
Train_1454.jpg,5
Train_1459.jpg,5
Train_146.jpg,5
Train_1465.jpg,5
Train_147.jpg,5
Train_1470.jpg,5
Train_1488.jpg,5
Train_1489.jpg,5
Train_1503.jpg,5
Train_1505.jpg,5
Train_1515.jpg,5
Train_1526.jpg,5
Train_1533.jpg,5
Train_1554.jpg,5
Train_156.jpg,5
Train_1561.jpg,5
Train_1565.jpg,5
Train_1571.jpg,5
Train_1586.jpg,5
Train_16.jpg,5
Train_1616.jpg,5
Train_1622.jpg,5
Train_1630.jpg,5
Train_1631.jpg,5
Train_165.jpg,5
Train_1652.jpg,5
Train_1659.jpg,5
Train_166.jpg,5
Train_1663.jpg,5
Train_167.jpg,5
Train_1688.jpg,5
Train_1699.jpg,5
Train_1716.jpg,5
Train_1736.jpg,5
Train_1750.jpg,5
Train_1763.jpg,5
Train_1766.jpg,5
Train_1774.jpg,5
Train_178.jpg,5
Train_1788.jpg,5
Train_1794.jpg,5
Train_1804.jpg,5
Train_192.jpg,5
Train_195.jpg,5
Train_237.jpg,5
Train_276.jpg,5
Train_278.jpg,5
Train_307.jpg,5
Train_310.jpg,5
Train_333.jpg,5
Train_346.jpg,5
Train_349.jpg,5
Train_351.jpg,5
Train_354.jpg,5
Train_38.jpg,5
Train_401.jpg,5
Train_423.jpg,5
Train_430.jpg,5
Train_448.jpg,5
Train_453.jpg,5
Train_460.jpg,5
Train_461.jpg,5
Train_462.jpg,5
Train_470.jpg,5
Train_485.jpg,5
Train_529.jpg,5
Train_530.jpg,5
Train_541.jpg,5
Train_55.jpg,5
Train_561.jpg,5
Train_582.jpg,5
Train_602.jpg,5
Train_610.jpg,5
Train_617.jpg,5
Train_618.jpg,5
Train_629.jpg,5
Train_639.jpg,5
Train_650.jpg,5
Train_662.jpg,5
Train_668.jpg,5
Train_67.jpg,5
Train_689.jpg,5
Train_692.jpg,5
Train_695.jpg,5
Train_697.jpg,5
Train_7.jpg,5
Train_75.jpg,5
Train_754.jpg,5
Train_757.jpg,5
Train_76.jpg,5
Train_766.jpg,5
Train_767.jpg,5
Train_768.jpg,5
Train_769.jpg,5
Train_788.jpg,5
Train_798.jpg,5
Train_822.jpg,5
Train_840.jpg,5
Train_862.jpg,5
Train_873.jpg,5
Train_886.jpg,5
Train_889.jpg,5
Train_901.jpg,5
Train_917.jpg,5
Train_926.jpg,5
Train_928.jpg,5
Train_929.jpg,5
Train_951.jpg,5
Train_96.jpg,5
Train_962.jpg,5
Train_968.jpg,5
Train_971.jpg,5
Train_987.jpg,5
